regime,SAMPLE_ID,STATION,STARTLAT,STARTLON,YEAR,MONTH,DAY,DEPTH,SimpleDEPTH,TurnerChla,chla,chlb,chlc3,Fuco,Peri,Zea,Allo,ButFuco,HexFuco,Pras,CTD_Salinity,CTD_Temp,prasino2,dino1,crypto,hapto6,phaeo,diatom,dictyo,chloro
Basin,400103,L3_15,56.96,-52.2375,2014,5,7,1.74,2,0.56987,0.499,0.189,0,0.077,0,0,0,0.055,0.116,0,34.7927,3.3463,0.259497779,4.40E-05,0.001162265,0.301043088,0,0.34263763,0.092072449,0.003542751
Basin,400127,L3_16,57.3803,-51.7925,2014,5,7,2.55,2,1.19643,0.881,0,0.187,0.135,0,0,0,0,0.173,0,34.8146,3.6015,0,4.33E-05,0.001142861,0.254941028,0.730057321,0,0,0.013815488
Basin,400146,L3_17,57.7957,-51.3347,2014,5,7,1.66,2,0.5106,0.446,0.188,0,0.083,0,0,0,0.054,0.096,0,34.8333,3.5253,0.266034899,0,0,0.256453591,0,0.38417156,0.09333995,0
Basin,400175,L3_17,57.7997,-51.3327,2014,5,7,3.69,2,0.47413,0.386,0.177,0,0.073,0,0,0,0,0.082,0,34.8344,3.5073,0.263725954,0,0,0.230556795,0,0.50571725,0,0
MixPhaeo,400199,L3_18,58.2172,-50.884,2014,5,8,3.32,2,1.51854,1.025,0.257,0.203,0.183,0,0,0,0,0.114,0,34.7441,3.3363,0.167841602,1.19E-05,0.000313054,0.141125721,0.690707762,0,0,0
HighPhaeo,400223,L3_19,58.6395,-50.4197,2014,5,8,2.35,2,3.69297,2.477,0,0.626,0.592,0,0,0,0,0.136,0,34.5919,3.0405,0,3.93E-05,0.00103755,0.071284171,0.915096538,0,0,0.01254243
HighPhaeo,400242,L3_20,59.0698,-49.9388,2014,5,8,1.11,2,4.2448,2.209,0,0.583,0.557,0,0,0,0,0,0,34.6182,2.9675,0,6.06E-05,0.001600651,0.000392628,0.978596586,0,0,0.019349488
HighPhaeo,400295,L3_21,59.4825,-49.4733,2014,5,8,3.99,2,2.16485,1.209,0,0.224,0.342,0,0,0,0,0,0,34.5218,2.7304,0,0.000150949,0.003984039,0.000513655,0.763774291,0.18341596,0,0.048161106
HighPhaeo,400319,L3_23,59.982,-48.891,2014,5,9,3.44,2,3.05625,1.655,0,0.37,0.308,0,0,0,0,0.116,0,34.3818,2.7086,0,0.000139682,0.003686683,0.097814761,0.853792359,0,0,0.044566514
Shelf,400333,L3_27,60.45,-48.3625,2014,5,9,1.9,2,4.58438,1.854,0,0.316,0.381,0,0,0,0,0,0,33.267,-0.1252,0,0.000444458,0.011730708,0.001512418,0.838216019,0.0062896,0,0.141806797
Shelf,400344,L3_28,60.57,-48.229,2014,5,9,1.67,2,7.50989,4.838,0,0.411,1.215,0,0,0,0,0,0,33.2141,0.3878,0,0.000188844,0.004984232,0.000642608,0.358420889,0.575511478,0,0.060251949
Shelf,400363,L3_27.5,60.5077,-48.2927,2014,5,9,1.88,2,6.3672,3.905,0,0.727,0.832,0,0,0,0,0,0,33.2621,-0.0219,0,0.000371071,0.009793803,0.001298237,0.870144392,0,0,0.118392496
Shelf,400394,L3_26,60.3577,-48.4582,2014,5,9,2.22,2,1.07372,0.459,0,0,0.101,0,0,0,0,0,0,33.064,-0.3087,0,0.000238113,0.006284602,0.000794317,0,0.916711482,0,0.075971485
Basin,400418,L3_25,60.2907,-48.5413,2014,5,10,3.51,2,0.69024,0.448,0,0,0.098,0,0,0,0,0,0,33.0617,-0.3218,0,0.000242915,0.006411333,0.000810334,0,0.915031947,0,0.077503471
MixPhaeo,400446,L3_24,60.1788,-48.6712,2014,5,10,4.47,2,1.84066,1.058,0,0.188,0.194,0,0,0,0,0.067,0,33.7815,1.6802,0,0.000325403,0.008588453,0.099850112,0.787414419,0,0,0.103821614
Basin,400465,L3_22,59.7465,-49.1602,2014,5,10,2.21,2,0.92033,0.915,0.365,0,0.092,0,0,0.071,0,0.121,0,34.4756,3.2021,0.229005019,0,0.376261671,0.143041112,0,0.251692198,0,0
Basin,400561,L3_16.5,57.5865,-51.5723,2014,5,11,3,2,0.55163,0.584,0.274,0.095,0.114,0,0,0,0.065,0.096,0,34.834,3.4921,0.272812004,0,0,0.180618955,0.468165097,0,0.078403944,0
MixPhaeo,400590,L3_14.5,56.7395,-52.4547,2014,5,11,3.66,2,1.13507,0.838,0.172,0.161,0.153,0,0,0,0,0.094,0,34.8086,3.4553,0.141763572,5.63E-05,0.001486413,0.147084859,0.697018468,0,0,0.01259037
MixPhaeo,400614,L3_14,56.5403,-52.6763,2014,5,12,3.93,2,0.92032,0.913,0.26,0.178,0.167,0,0,0,0.085,0.244,0,34.7564,3.3474,0.154879993,0,0,0.274963773,0.509669993,0,0.060486241,0
MixPhaeo,400638,L3_13,56.1087,-53.1177,2014,5,12,1.99,2,0.54707,0.464,0.173,0.081,0.086,0,0,0,0.047,0.115,0,34.7468,3.3291,0.206406688,0,0,0.25942496,0.466698603,0,0.067469749,0
MixPhaeo,400647,L3_12.5,55.9783,-53.2502,2014,5,12,2.72,2,0.49237,0.48,0.192,0.132,0.089,0,0,0,0.052,0.114,0,34.7947,3.3378,0.175930881,0,0,0.197056871,0.57092119,0,0.056091058,0
Basin,400674,L3_12,55.8458,-53.3932,2014,5,12,4.78,2,0.27353,0.232,0,0,0.045,0,0,0,0,0.055,0,34.7984,3.4041,0,5.70E-05,0.001505666,0.310139125,0,0.670096906,0,0.018201256
Basin,400683,L3_11.5,55.7305,-53.5105,2014,5,12,2.74,2,0.45134,0.448,0.231,0.089,0.081,0,0,0,0.048,0.073,0,34.8041,3.3655,0.269764139,0,0,0.160814735,0.502263782,0,0.067157345,0
Basin,400707,L3_11,55.6125,-53.6338,2014,5,12,4.42,2,0.25986,0.269,0.159,0,0.048,0,0,0,0,0.038,0,34.8124,3.3939,0.347470106,0,0,0.156564169,0,0.495965725,0,0
Basin,400731,L3_10,55.419,-53.825,2014,5,13,4.56,2,0.36016,0.311,0.174,0,0.055,0,0,0,0,0.042,0,34.7838,3.3186,0.33698172,0,0,0.153430422,0,0.509587859,0,0
Basin,400755,L3_08,55.1135,-54.1308,2014,5,13,3.26,2,0.20126,0.145,0,0,0,0,0,0,0,0,0,33.1815,-1.254,0,0.001904761,0.050272967,0.006354045,0,0.333742903,0,0.607725324
Basin,400770,L3_07,54.9577,-54.2815,2014,5,13,3.83,2,0.1311,0.128,0,0,0,0,0,0,0,0,0,32.931,-1.4999,0,0.001904761,0.050272967,0.006354045,0,0.333742903,0,0.607725324
Basin,400783,L3_06,54.7578,-54.4777,2014,5,13,1.66,2,0.17911,0.203,0,0,0,0,0,0,0,0,0,32.8299,-1.3759,0,0.001904761,0.050272967,0.006354045,0,0.333742903,0,0.607725324
Shelf,400802,L3_05,54.487,-54.7505,2014,5,13,2.94,2,0.30089,0.286,0.177,0,0.051,0,0,0,0,0,0,32.9084,-1.3907,0.406155629,0,0,0,6.90E-05,0.593767884,7.50E-06,0
Shelf,400829,L3_04,54.2148,-55.036,2014,5,13,3.25,2,0.32824,0.295,0.163,0,0.044,0,0,0,0,0,0,32.9605,-1.215,0.400007738,0.000123853,0.003268887,0.000413158,0,0.572239029,0,0.023947336
Basin,400843,L3_03,54.0213,-55.1978,2014,5,13,3.53,2,0.14956,0.142,0,0,0,0,0,0,0,0,0,32.9141,-1.5882,0,0.001904761,0.050272967,0.006354045,0,0.333742903,0,0.607725324
Shelf,400868,L3_09,55.262,-53.9775,2014,5,14,2.27,2,0.57443,0.546,0.22,0,0.121,0,0,0,0,0.067,0,34.3463,1.9594,0.236878137,0,0,0.135969386,0,0.627152477,0,0
MixPhaeo,400887,L3_09.5,55.3428,-53.9015,2014,5,14,2.28,2,0.60178,0.62,0.241,0.068,0.155,0,0,0,0.039,0.073,0,34.3704,2.0969,0.235281125,0,0,0.134576895,0.350511314,0.232990503,0.046640162,0
Basin,400916,L3_11.5,55.6692,-53.569,2014,5,15,3.8,2,0.41031,0.401,0,0,0.085,0,0,0,0,0.086,0,34.7282,3.1615,0,2.79E-05,0.000735198,0.2746875,0,0.715661999,0,0.008887447
MixPhaeo,400940,L3_10.5,55.5157,-53.7252,2014,5,15,4.15,2,0.65649,0.611,0.182,0.07,0.173,0,0,0,0,0.079,0,34.5078,2.6342,0.166758416,0,0,0.136478746,0.347582818,0.34918002,0,0
MixPhaeo,407822,L3_13,56.10986,-53.1172,2015,5,9,2.3,2,0.59799,1.468,0.311,0.399,0.358,0,0,0,0.046,0.125,0,34.5931,3.283,0.116897192,0,0,0.08858664,0.774968471,0,0.019547697,0
MixPhaeo,407870,L3_14,56.54012,-52.67882,2015,5,9,3.37,2,0.94803,1.023,0.218,0.188,0.196,0,0,0,0.075,0.203,0,34.8199,3.6708,0.133535865,0,0,0.23543323,0.576027053,0,0.055003852,0
HighPhaeo,407899,L3_16,57.38032,-51.79259,2015,5,9,2.39,2,2.21043,2.915,0.261,0.656,0.65,0,0,0,0,0.159,0,34.7223,3.7111,0.062495296,7.46E-05,0.001967642,0.072680391,0.840809254,0,0,0.021972867
HighPhaeo,407923,L3_17,57.80132,-51.33954,2015,5,10,2.58,2,3.97877,4.31,0,1.29,1.217,0,0,0,0,0,0,34.7464,3.621,0,0,0,0,1,0,0,0
HighPhaeo,407947,L3_19,58.63939,-50.4158,2015,5,10,3.18,2,4.93663,5.667,0,1.759,1.659,0,0,0,0,0.402,0,34.6784,3.2888,0,0,0,0.075421578,0.924578422,0,0,0
HighPhaeo,407966,L3_19,58.84531,-50.2017,2015,5,10,1.83,2,3.49985,4.201,0,1.237,1.106,0,0,0,0,0,0,34.7423,3.3045,0,0,0,8.74E-05,0.999912649,0,0,0
HighPhaeo,407995,L3_20,59.06928,-49.98918,2015,5,10,2.78,2,4.8261,3.949,0,0.845,1.071,0,0,0,0,0,0,34.4384,2.6854,0,0.00021126,0.005575856,0.000718885,0.917282506,0.008807693,0,0.0674038
HighPhaeo,408019,L3_21,59.48074,-49.4764,2015,5,11,3.07,2,8.01869,5.927,0,1.367,1.577,0,0,0,0,0,0,34.2899,2.3649,0,0.000161813,0.004270789,0.000610661,0.943329252,0,0,0.051627484
HighPhaeo,408038,L3_23,59.97754,-48.89572,2015,5,11,2.72,2,8.87174,9.282,0,2.33,2.794,0,0,0,0,0,0,34.1868,2.1877,0,7.68E-05,0.00202636,0.000308274,0.973092918,0,0,0.024495672
Shelf,408065,L3_28,60.56992,-48.22819,2015,5,11,2.99,2,3.97877,4.181,0,0.882,1.141,0,0,0,0,0,0,33.2914,-0.4857,0,0.000203037,0.005358826,0.000690903,0.899590618,0.029376392,0,0.064780223
Shelf,408075,L3_27,60.45082,-48.3599,2015,5,12,3.47,2,1.62098,1.776,0,0.454,0.434,0,0,0,0,0,0,34.0378,1.4588,0,9.01E-05,0.002378181,0.000487229,0.968295817,0,0,0.028748668
Shelf,408092,L3_26,60.36362,-48.46834,2015,5,12,2.8,2,2.39463,2.284,0,0.655,0.614,0,0,0,0,0,0,33.7185,0.3532,0,0,0,0.000147689,0.999852311,0,0,0
HighPhaeo,408116,L3_25,60.29364,-48.55048,2015,5,12,2.48,2,2.9104,2.802,0,0.835,0.707,0,0,0,0,0,0,34.1437,2.0381,0,0,0,9.35E-05,0.999906468,0,0,0
HighPhaeo,408140,L3_24,60.17921,-48.68252,2015,5,12,1.92,2,4.71559,3.395,0,1.369,1.103,0,0,0,0,0.196,0,34.2397,2.6526,0,0,0,0.0488413,0.9511587,0,0,0
HighPhaeo,408157,L3_23.5,60.07938,-48.7876,2015,5,12,2.47,2,4.23666,5.012,0,1.587,1.354,0,0,0,0,0,0,34.2384,2.558,0,0,0,0,1,0,0,0
HighPhaeo,408182,L3_23,59.97534,-48.88487,2015,5,12,2.06,2,5.26819,4.34,0,1.169,1.362,0,0,0,0,0,0,34.2251,2.3226,0,1.63E-05,0.000430188,0.000129223,0.994223957,0,0,0.005200333
HighPhaeo,408206,L3_22,59.7335,-49.19056,2015,5,13,3.05,2,8.1893,5.187,0,1.142,1.672,0,0,0,0,0,0,34.0813,1.9268,0,5.12E-05,0.001352437,0.000174367,0.848066014,0.134006986,0,0.016348954
HighPhaeo,408231,L3_18.1,58.21654,-50.87978,2015,5,13,1,2,NA,8.307,0,2.542,2.761,0,0,0,0,0,0,NA,NA,0,0,0,0,1,0,0,0
HighPhaeo,408274,L3_15.5,57.16612,-52.01186,2015,5,14,2.15,2,5.12083,5.082,0,1.641,1.437,0,0,0,0,0.32,0,34.7112,3.4735,0,0,0,0.065518165,0.934481835,0,0,0
HighPhaeo,408303,L3_15,56.94918,-52.19528,2015,5,14,2.7,2,3.94193,3.142,0,1.113,1.057,0,0,0,0,0.215,0,34.7201,3.6821,0,0,0,0.064087743,0.935912257,0,0,0
HighPhaeo,408326,L3_13.5,56.32993,-52.89689,2015,5,14,3.89,2,3.97877,3.537,0,0.898,0.835,0,0,0,0,0.106,0,34.6882,3.3433,0,6.50E-05,0.001714659,0.039863261,0.937629444,0,0,0.02072767
MixPhaeo,408350,L3_12,55.85012,-53.39286,2015,5,15,2.06,2,1.02095,0.914,0,0.146,0.182,0,0,0,0,0.106,0,34.5273,3.058,0,0.000287771,0.007595227,0.177611478,0.701144441,0.0215461,0,0.091814984
Basin,408374,L3_10,55.41913,-53.82122,2015,5,15,1.52,2,0.55004,0.53,0,0,0.091,0,0,0,0,0.135,0,34.6277,3.1486,0,0.000105817,0.002792871,0.344883547,0,0.618456115,0,0.033761649
HighPhaeo,408393,L3_08.5,55.19264,-54.03542,2015,5,15,2.86,2,0.84593,0.854,0,0.19,0.163,0,0,0,0,0.108,0,34.6703,3.1703,0,7.31E-05,0.00192905,0.167873739,0.80680478,0,0,0.023319342
Shelf,408418,L3_08,55.08929,-54.07997,2015,5,16,2.16,2,1.09388,0.958,0.307,0,0.269,0,0,0,0,0.042,0,32.6714,-1.0483,0.181335881,0,0,0.04629379,0,0.772352617,1.77E-05,0
MixPhaeo,408443,L3_09,55.26086,-53.98834,2015,5,16,3.08,2,0.61834,0.665,0.16,0.099,0.099,0,0,0,0.05,0.125,0,34.7408,3.3915,0.166999519,6.32E-05,0.001667958,0.247507825,0.507350304,0,0.062618918,0.013792279
HighPhaeo,408470,L3_11,55.60096,-53.58372,2015,5,16,2.5,2,1.63352,1.489,0,0.31,0.314,0,0,0,0,0.148,0,34.7337,3.3175,0,0.000141762,0.003741579,0.138520396,0.812366141,0,0,0.045230121
HighPhaeo,408489,L3_11.5,55.73266,-53.49588,2015,5,16,2.16,2,4.05245,3.053,0,0.705,0.737,0,0,0,0,0,0,34.6721,3.4588,0,0.000174386,0.004602623,0.000709624,0.938874503,0,0,0.055638864
MixPhaeo,433198,L3_10,55.40848,-53.83003,2016,5,7,2.14,2,1.15176,1.9,0.516,0.234,0.64,0,0.039,0,0.126,0.308,0,33.9575,1.9779,0.121340175,0,0,0.137924831,0.294913475,0.271588439,0.037000826,0.137232255
MixPhaeo,433222,L3_09,55.27396,-53.89775,2016,5,7,2.87,2,1.29942,1.415,0.412,0.135,0.483,0,0,0,0.071,0.18,0,33.6401,1.2511,0.146434529,0,0,0.120264593,0.253313501,0.44894372,0.031043658,0
Shelf,433246,L3_08.5,55.19978,-53.92505,2016,5,7,2.77,2,0.90073,0.95,0.264,0,0.299,0,0.027,0,0,0.113,0,32.9936,-0.2804,0.115286942,0,0,0.093957082,0,0.589046943,8.05E-05,0.201628505
HighPhaeo,433270,L3_12,55.85086,-53.38334,2016,5,8,2.99,2,1.80146,2.262,0.312,0.212,0.886,0,0.032,0,0.119,0.178,0,34.0449,2.4139,0.063947131,0,0,0.06903605,0.237128832,0.52766451,0.030611908,0.071611569
MixPhaeo,433294,L3_13,56.11483,-53.121,2016,5,8,2.29,2,1.43231,1.673,0.335,0.215,0.544,0,0.028,0,0.139,0.244,0,34.3667,3.1477,0.09693211,0,0,0.135058239,0.33402849,0.251285608,0.050323421,0.132372132
MixPhaeo,433318,L3_13.5,56.32416,-52.90168,2016,5,8,2.14,2,1.77194,3.109,0.606,0.512,0.737,0,0,0,0.249,0.708,0,34.5837,3.5403,0.123489385,0,0,0.273067438,0.541636686,0,0.06180649,0
MixPhaeo,433342,L3_14,56.53648,-52.7013,2016,5,8,2.12,2,1.26988,1.647,0.292,0.299,0.29,0,0,0,0.139,0.487,0,34.7695,3.8482,0.103603486,0,0,0.327243322,0.510242353,0,0.058910839,0
MixPhaeo,433368,L3_15,56.95966,-52.2539,2016,5,9,2.67,2,1.59474,2.025,0.336,0.412,0.395,0,0,0,0.184,0.555,0,34.7139,3.7416,0.093140856,0,0,0.291385806,0.554519474,0,0.060953864,0
MixPhaeo,433392,L3_15.5,57.18986,-52.01336,2016,5,9,4.02,2,1.41755,1.648,0.302,0.357,0.343,0,0,0,0.151,0.453,0,34.7556,3.7669,0.098030078,0,0,0.278419596,0.565009112,0,0.058541214,0
Basin,433418,L3_20,59.06525,-49.95598,2016,5,10,1.86,2,0.55954,0.296,0,0,0.06,0,0,0,0,0.048,0,34.7493,3.6505,0,0.000108089,0.002852834,0.220042652,0,0.742509905,0,0.034486519
Basin,433442,L3_20.5,59.2704,-49.71864,2016,5,10,4.62,2,0.52635,0.428,0,0,0.082,0,0,0,0.039,0.067,0,34.7683,3.6916,0,0.000223116,0.005888763,0.229278425,0,0.607556094,0.085867225,0.071186377
HighPhaeo,433466,L3_21,59.47498,-49.50078,2016,5,10,4.74,2,0.59747,0.524,0,0.102,0.148,0,0,0,0,0.042,0,34.6362,3.3254,0,7.06E-05,0.001864451,0.106173235,0.750155618,0.11919762,0,0.022538435
Basin,433490,L3_22,59.74929,-49.17657,2016,5,11,1.64,2,0.45996,0.188,0,0,0.047,0,0,0,0,0,0,34.6753,3.4013,0,0.000134468,0.003549061,0.000448569,0,0.952965043,0,0.042902859
MixPhaeo,433514,L3_23,59.98404,-48.90608,2016,5,11,2.86,2,0.50738,0.859,0.225,0,0.191,0,0,0,0.047,0.079,0,34.6077,3.4033,0.175262338,1.13E-05,0.000297416,0.116264506,0,0.663468875,0.044695596,0
Basin,433538,L3_24,60.17192,-48.71248,2016,5,11,4.56,2,0.29873,0.29,0.232,0,0.027,0,0,0.018,0,0.049,0,34.849,4.2627,0.405586343,0,0.260768196,0.161023605,0,0.172621855,0,0
Shelf,433549,L3_27,60.46846,-48.4085,2016,5,11,3.79,2,1.16652,0.516,0,0,0.185,0,0,0,0,0,0,33.6028,0.6899,0,0,0,0,0.000923768,0.998975795,0.000100437,0
Shelf,433569,L3_28.5,60.65224,-48.14453,2016,5,11,3.4,2,7.15038,8.518,0.265,0,3.125,0,0,0.043,0,0,0,32.9558,-0.2969,0.016576782,0,0.016715724,0,0.001168475,0.965411976,0.000127042,0
Shelf,433579,L3_28,60.57292,-48.24156,2016,5,11,4.41,2,1.6538,2.373,0.367,0,0.791,0,0,0,0,0,0,33.4922,0.5226,0.086373182,0,0,0,0.00098677,0.912532762,0.000107286,0
Shelf,433596,L3_26,60.36849,-48.46433,2016,5,11,2.32,2,0.57851,0.778,0,0,0.237,0,0,0,0,0,0,34.4746,3.2268,0,0,0,0,0.000150123,0.999833555,1.63E-05,0
Basin,433619,L3_25,60.31573,-48.58358,2016,5,12,2.59,2,0.15832,0.113,0,0,0,0,0,0,0,0,0,34.863,4.5736,0,0.001904761,0.050272967,0.006354045,0,0.333742903,0,0.607725324
Basin,433643,L3_23.5,60.07356,-48.82284,2016,5,12,4.12,2,0.50738,0.4,0.141,0,0.087,0,0,0,0,0.049,0,34.6113,3.5412,0.214541617,0,0,0.140664775,0,0.644793608,0,0
Basin,433707,L3_19,58.63756,-50.42956,2016,5,13,2.56,2,0.27503,0.282,0,0,0.065,0,0,0,0,0.046,0,34.7207,3.6453,0,2.53E-05,0.000667432,0.208552192,0,0.782686827,0,0.008068261
HighPhaeo,433731,L3_18.5,58.42486,-50.65546,2016,5,13,4.61,2,1.47661,0.859,0,0.186,0.232,0,0,0,0.079,0.2,0,34.6476,3.617,0,0,0,0.264953269,0.668145741,0,0.06690099,0
MixPhaeo,433755,L3_18,58.2024,-50.90656,2016,5,13,4.49,2,1.22559,0.958,0.254,0.171,0.218,0,0,0,0.084,0.239,0,34.6952,3.668,0.152034072,0,0,0.270600223,0.516500132,0,0.060865573,0
MixPhaeo,433779,L3_17,57.77409,-51.28975,2016,5,13,3.52,2,2.66947,1.201,0.186,0.254,0.349,0,0,0,0.089,0.255,0,34.6892,3.798,0.087945095,0,0,0.228124255,0.632705258,0,0.051225392,0
MixPhaeo,433827,L3_16,57.37642,-51.76991,2016,5,14,2.33,2,1.831,1.992,0.464,0.48,0.477,0,0,0,0.191,0.552,0,34.7756,3.807,0.113249174,0,0,0.254830646,0.576200509,0,0.055719672,0
HighPhaeo,433875,L3_11.25,55.65995,-53.56336,2016,5,14,1.91,2,5.14827,2.489,0.423,0.209,1.226,0,0,0,0.097,0.234,0,33.7821,3.0243,0.068064062,0,0,0.070013967,0.181785817,0.660657512,0.019478643,0
Shelf,433906,L3_08,55.1062,-54.13237,2016,5,15,2.7,2,2.95549,2.064,1.296,0.124,0.547,0.155,0.057,0,0.064,0.217,0,32.5645,-1.0947,0.260261955,0.05179041,0,0.081590668,0.132308362,0.282738505,0.016068741,0.175241359
Shelf,433922,L3_07,54.94998,-54.29228,2016,5,15,3.42,2,0.60696,0.41,0.243,0,0.075,0,0,0,0,0.06,0,32.5396,-1.2119,0.342981317,0,0,0.15962026,0,0.497398423,0,0
Shelf,433946,L3_06,54.74656,-54.47877,2016,5,15,4.19,2,0.94503,1.468,0.418,0,0.466,0,0,0.024,0.048,0.093,0,32.4796,-1.4875,0.143369659,0,0.061956596,0.059308338,0,0.715059757,0.020305649,0
HighPhaeo,437490,L3_13,56.12651,-53.10548,2018,5,3,3,2,0.19048,0.184,0,0.104,0.029,0,0,0,0,0.02,0,34.7334,3.1633,0,0,0,0.069817615,0.930182385,0,0,0
Basin,437509,L3_12.5,55.98146,-53.24842,2018,5,3,3.53,2,0.16785,0.187,0,0,0.024,0,0,0,0,0.022,0,34.8151,3.2352,0,0.000453968,0.011981719,0.198588537,0,0.644134631,0,0.144841145
Basin,437532,L3_12,55.84076,-53.38377,2018,5,3,4.85,2,0.18105,0.154,0,0,0,0,0,0,0,0.018,0,34.6871,3.1364,0,0.00138299,0.036501684,0.301003581,0,0.219860727,0,0.441251018
Basin,437556,L3_11,55.60786,-53.61162,2018,5,4,1.88,2,0.17916,0.076,0,0,0,0,0,0,0,0,0,34.783,3.223,0,0.001904761,0.050272967,0.006354045,0,0.333742903,0,0.607725324
Basin,437580,L3_09,55.26676,-53.97972,2018,5,4,1.96,2,0.21877,0.187,0.047,0,0.021,0,0,0,0,0,0,34.706,3.1579,0.226288686,0.000494122,0.013041518,0.001648329,0,0.604924009,0,0.153603335
Shelf,437601,L3_08,55.1169,-54.05735,2018,5,4,2.64,2,1.05656,0.782,0,0.048,0.139,0,0,0,0,0.044,0,33.7748,1.1663,0,0.000379557,0.010017761,0.091776962,0.281395373,0.495330532,0,0.121099816
Basin,437625,L3_07,54.94018,-54.25916,2018,5,4,12.18,2,0.23197,0.181,0.039,0,0.024,0,0,0,0,0,0,32.478,-1.1087,0.187135585,0.000429334,0.01133154,0.001432204,0,0.66580615,0,0.133865187
Basin,437650,L3_10,55.42116,-53.82976,2018,5,5,1.48,2,0.17938,0.166,0.038,0,0,0,0,0,0,0,0,34.6171,3.1414,0.297680059,0.001333294,0.035190062,0.004447704,0,0.233613298,0,0.427735583
Basin,437703,L3_15,56.96508,-52.24798,2018,5,6,1.81,2,0.11881,0.123,0,0,0,0,0,0,0,0,0,34.7773,3.3802,0,0.001904761,0.050272967,0.006354045,0,0.333742903,0,0.607725324
Basin,437727,L3_16,57.3788,-51.7833,2018,5,6,1.67,2,0.1339,0.133,0,0,0,0,0,0,0,0,0,34.7819,3.2976,0,0.001904761,0.050272967,0.006354045,0,0.333742903,0,0.607725324
Basin,437748,L3_17,57.80744,-51.34574,2018,5,6,3.78,2,0.43501,0.336,0,0,0.054,0,0,0,0,0,0,34.5272,3.0211,0,0.000492793,0.013006437,0.001643895,0,0.827628422,0,0.157228453
Basin,437797,L3_18,58.19619,-50.84044,2018,5,6,2.58,2,0.39913,0.329,0.041,0,0.026,0,0,0.029,0,0.03,0,34.5495,2.9884,0.084983535,3.87E-05,0.515246405,0.117796645,0,0.272756836,0,0.009177882
Basin,437821,L3_19,58.63524,-50.42612,2018,5,7,2.63,2,0.23009,0.133,0,0,0,0,0,0,0,0,0,34.6737,3.0574,0,0.001904761,0.050272967,0.006354045,0,0.333742903,0,0.607725324
MixPhaeo,437845,L3_21,59.47934,-49.43078,2018,5,7,2.5,2,2.56505,1.336,0,0,0.216,0,0,0,0,0,0,34.226,2.2359,0,0.000488013,0.012880292,0.001627952,0,0.829300183,0,0.155703559
Basin,437856,L3_20.6,59.39842,-49.61611,2018,5,7,4.02,2,0.59646,0.645,0.124,0.03,0.062,0,0,0.035,0,0.057,0,34.2849,2.4971,0.141392915,0.000150729,0.346001463,0.123873609,0.179637259,0.165156166,0,0.043787859
Basin,437880,L3_22,59.73092,-49.16488,2018,5,7,1.54,2,0.40361,0.443,0.105,0.02,0.049,0,0,0,0,0.05,0,33.8782,1.8541,0.199713738,0.000374019,0.009871593,0.182202223,0.195142729,0.297633018,0,0.11506268
HighPhaeo,437904,L3_23,59.98124,-48.89604,2018,5,8,2.88,2,2.60928,2.176,0.138,0.041,0.462,0,0,0,0,0.036,0,33.503,0.9978,0.048125555,0.000213932,0.005646364,0.024792174,0.077674736,0.774930959,0,0.06861628
MixPhaeo,437928,L3_25,60.29969,-48.5699,2018,5,8,3.13,2,2.38815,1.724,0.146,0.081,0.291,0,0,0,0,0.036,0,33.485,0.9706,0.071155817,0.0003871,0.010216865,0.035044675,0.219185723,0.53917631,0,0.124833509
Shelf,437945,L3_27,60.44612,-48.3557,2018,5,8,3.83,2,4.59941,3.65,0.091,0.07,0.867,0,0,0,0,0,0,33.0281,0.0057,0.018147492,0.000171883,0.004536566,0.000584891,0.079365706,0.841193883,0,0.05599958
Shelf,437963,L3_28.5,60.66416,-48.14794,2018,5,8,3.51,2,6.45687,2.649,0,0,0.653,0,0,0,0,0,0,32.7776,-0.2816,0,0.00014585,0.003849454,0.000486536,0,0.948983989,0,0.046534171
Shelf,437976,L3_28,60.56543,-48.25726,2018,5,8,1.97,2,5.66081,4.276,0,0,0.993,0,0,0,0,0,0,32.8359,-0.2531,0,0.000194269,0.005127411,0.000648058,0,0.93204749,0,0.061982771
Shelf,437995,L3_26,60.3671,-48.44514,2018,5,9,1.78,2,3.31689,2.443,0.097,0.095,0.465,0,0,0,0,0,0,33.2759,0.6463,0.032226738,0.000354994,0.009369476,0.001207989,0.180414837,0.660545979,0,0.115879987
HighPhaeo,438019,L3_24,60.17245,-48.72995,2018,5,9,3.54,2,2.74195,2.424,0.095,0.043,0.499,0,0,0,0,0,0,33.1988,0.269,0.030498871,0.000275285,0.007265685,0.000936751,0.077849559,0.793546688,0,0.08962716
MixPhaeo,438030,L3_24,59.83312,-49.1817,2018,5,9,3.99,2,0.83139,0.811,0.198,0.028,0.111,0,0,0,0.037,0.091,0,33.6275,1.0345,0.196397684,0.000293926,0.007757681,0.172540353,0.129739963,0.359679776,0.04484009,0.088750529
Basin,438054,L3_20,59.06634,-49.95885,2018,5,9,9.8,2,0.54264,0.558,0.163,0.02,0.029,0,0,0.026,0.029,0.071,0,34.671,3.0105,0.230678913,0.000261997,0.322316564,0.191652392,0.128264037,0,0.050074464,0.076751633
Shelf,476324,L3_00.5,53.55968,-55.65462,2019,6,9,4.13,2,2.257,1.166,0,0,0.338,0,0,0,0,0,0,28.5395,1.0436,0,1.58E-05,0.000415865,5.26E-05,0,0.994488625,0,0.005027192
Shelf,476344,L3_01,53.67264,-55.55435,2019,6,10,2.7,2,2.816,3.057,0.165,0,0.808,0,0,0,0,0,0,28.0265,-0.6593,0.037219088,5.89E-05,0.001555562,0.000196609,0,0.943081966,0,0.017887837
Shelf,476364,L3_02,53.79034,-55.44148,2019,6,10,10.78,2,2.093,1.552,0.143,0,0.402,0,0,0,0,0,0,31.6685,-0.4169,0.063429203,5.35E-05,0.001412163,0.000178485,0,0.91994443,0,0.014982215
Shelf,476367,L3_02,53.7902,-55.44173,2019,6,10,3.69,2,2.637,2.412,0.157,0,0.694,0,0,0,0,0,0,31.2529,0.0016,0.042616232,0,0,0,8.15E-05,0.95729337,8.86E-06,0
Shelf,476379,L3_03,53.98578,-55.25266,2019,6,10,9.93,2,3.218,3.202,0,0,0.99,0,0,0,0,0,0,32.2651,0.8977,0,0,0,0,0.000223985,0.999751662,2.44E-05,0
Shelf,476380,L3_03,53.98562,-55.2527,2019,6,10,4.06,2,5.855,4.409,0,0,1.082,0,0,0,0,0,0,31.5501,2.0173,0,0.000149474,0.003945123,0.000498628,0,0.947716106,0,0.047690669
Shelf,476400,L3_04,54.21279,-55.02484,2019,6,10,5.96,2,3.084,2.763,0,0,0.902,0,0,0,0,0,0,31.2095,-0.1455,0,0,0,0,0.000488744,0.999458117,5.31E-05,0
HighPhaeo,476436,L3_11,55.60214,-53.63655,2019,6,11,10.9,2,4.916,4.115,0,0.312,1.914,0.186,0,0.074,0,0.384,0,33.7408,4.0951,0,0.030458004,0.049745346,0.071002395,0.170508931,0.678130169,0.000155154,0
HighPhaeo,476440,L3_11,55.6017,-53.63714,2019,6,11,4.65,2,5.006,4.487,0,0.345,2.019,0.195,0,0.068,0,0.373,0,33.7353,4.1458,0,0.030532245,0.042916836,0.065861106,0.180621758,0.67992292,0.000145137,0
HighPhaeo,476488,L3_12,55.8315,-53.38336,2019,6,11,5.12,2,2.86,3.213,0.141,0.188,1.143,0,0,0.048,0,0.212,0,34.3681,4.4245,0.022519369,0,0.05861518,0.063914489,0.165572615,0.689324261,5.41E-05,0
Basin,476521,L3_13,56.09652,-53.11742,2019,6,12,3.61,2,2.38,2.071,0.191,0.193,0.518,0.095,0,0.037,0,0.431,0,34.6409,5.101,0.051313527,0.042423041,0.079662671,0.219362823,0.271869953,0.335367986,0,0
HighPhaeo,476545,L3_14,56.54574,-52.6947,2019,6,12,3.91,2,2.708,2.184,0.177,0.17,0.562,0.123,0,0.045,0,0.39,0,34.6105,5.1555,0.044473509,0.051449778,0.091097739,0.185658116,0.223980857,0.40334,0,0
Basin,476569,L3_14.5,56.8185,-52.39294,2019,6,12,3.04,2,2.421,1.831,0.191,0.161,0.455,0.11,0,0.052,0,0.366,0,34.6399,5.1396,0.055388704,0.053056861,0.122492263,0.200960677,0.244989209,0.323112286,0,0
Basin,476593,L3_15,56.98024,-52.24309,2019,6,12,4.14,2,1.929,1.434,0.165,0.135,0.26,0,0,0,0,0.311,0,34.7059,5.2486,0.081922914,0.000103512,0.00273202,0.2935961,0.348373854,0.242557212,0,0.030714388
HighPhaeo,476617,L3_16,57.38859,-51.78162,2019,6,13,4.92,2,2.667,2.394,0.222,0.184,0.576,0,0,0,0,0.378,0,34.6373,5.1562,0.061095411,0,0,0.196924091,0.265056759,0.476923739,0,0
Basin,476641,L3_17,57.80726,-51.38924,2019,6,13,8.41,2,1.662,1.473,0.168,0.134,0.35,0.059,0,0.029,0,0.321,0,34.7002,5.0726,0.063969444,0.037289407,0.089247227,0.231408123,0.265792906,0.312292892,0,0
MixPhaeo,476681,L3_18,58.20882,-50.96174,2019,6,14,4.42,2,0.571,0.639,0.114,0.055,0.123,0,0.026,0,0,0.086,0,34.4231,5.2181,0.078822102,0,0,0.119383618,0.218868597,0.128010486,1.94E-05,0.454895774
Basin,476705,L3_18.5,58.42862,-50.72585,2019,6,14,4.28,2,0.584,0.533,0,0.064,0.144,0,0,0,0,0.06,0,34.4612,4.7688,0,2.94E-05,0.000775968,0.144571226,0.441858909,0.403384201,0,0.009380296
MixPhaeo,476729,L3_19,58.61172,-50.41992,2019,6,14,4.5,2,1.354,0.83,0,0.101,0.169,0,0,0,0,0.084,0,34.4298,4.9872,0,0.000260245,0.006868718,0.152440254,0.523150965,0.234247246,0,0.083032573
MixPhaeo,476795,L3_21,59.49386,-49.47262,2019,6,15,4.41,2,1.087,0.903,0,0.109,0.238,0,0,0,0,0.094,0,34.3444,4.8143,0,5.70E-05,0.001504728,0.136457218,0.454024862,0.389766263,0,0.018189918
Basin,476819,L3_22,59.7413,-49.15944,2019,6,15,4.34,2,0.484,0.481,0,0.045,0.097,0,0,0,0,0,0,34.3599,5.0502,0,0.000389949,0.01029206,0.001326936,0.445371815,0.418203555,0,0.124415685
Basin,476879,L3_24,60.18266,-48.70962,2019,6,16,2.94,2,0.58,0.723,0.15,0,0.078,0,0,0,0,0.087,0,34.8295,5.4264,0.173544929,0.00036256,0.009569168,0.192591369,0,0.511544308,0,0.112387667
MixPhaeo,476903,L3_23.5,60.0883,-48.8016,2019,6,16,3.24,2,0.739,0.61,0,0.05,0.143,0.097,0,0,0,0.09,0,34.5814,5.4478,0,0.164111715,0,0.173043823,0.268920484,0.393923979,0,0
Shelf,476923,L3_27,60.44896,-48.37075,2019,6,16,3.45,2,5.587,4.646,0,0.131,1.497,0,0,0,0,0,0,32.6659,1.2427,0,0,0,0,0.099415049,0.900548198,3.68E-05,0
Shelf,476963,L3_28,60.56374,-48.22814,2019,6,16,3.51,2,3.263,2.31,0,0,0.719,0,0,0,0,0,0,32.579,2.6126,0,0,0,0,0.000257031,0.999715024,2.79E-05,0
Shelf,477006,L3_26,60.373,-48.43799,2019,6,17,10.92,2,6.17,5.055,0,0.119,1.526,0,0,0,0,0,0,32.7729,0.7376,0,0,0,0,0.087100288,0.912897179,2.53E-06,0
Shelf,477007,L3_26,60.37316,-48.43867,2019,6,17,2.9,2,2.637,1.374,0,0,0.405,0,0,0,0,0,0,32.4048,2.548,0,2.52E-06,6.65E-05,8.40E-06,0,0.99911929,0,0.000803338
MixPhaeo,477039,L3_25,60.31391,-48.60948,2019,6,17,3.2,2,1.518,0.829,0,0,0.186,0,0,0,0,0.076,0,34.1078,5.2441,0,0.000115943,0.003060115,0.125248787,0,0.834582918,0,0.036992237
Basin,477063,L3_23,59.98046,-48.88856,2019,6,17,2.85,2,0.944,0.627,0.077,0.035,0.063,0,0,0.021,0,0.082,0,34.8299,6.0415,0.09632405,0.000258349,0.233020007,0.196495013,0.227236307,0.165423502,0,0.081242771
MixPhaeo,477396,L3_09,55.25798,-53.99232,2019,6,20,3.4,2,1.764,1.321,0.105,0.056,0.5,0,0,0,0,0.071,0,33.5474,5.7459,0.040432304,0,0,0.051091701,0.118243627,0.790151805,8.06E-05,0
Shelf,477420,L3_08,55.1078,-54.14398,2019,6,21,3.45,2,2.175,1.114,0,0.113,0.609,0,0,0,0,0,0,33.1421,3.0875,0,0,0,0,0.233748091,0.765987135,0.000264774,0
Shelf,477440,L3_07,54.95344,-54.29799,2019,6,21,10.02,2,0.562,0.633,0,0,0.242,0,0,0,0,0,0,31.7852,1.0677,0,0,0,0,0.00120657,0.998662246,0.000131184,0
Shelf,477443,L3_07,54.95326,-54.29765,2019,6,21,3.66,2,0.429,0.433,0,0,0.148,0,0,0,0,0,0,31.1393,1.9674,0,0,0,0,0.000705327,0.999217987,7.67E-05,0
Shelf,477456,L3_06,54.7628,-54.49438,2019,6,21,3.45,2,2.134,1.482,0,0,0.529,0,0,0,0,0,0,31.3673,1.6462,0,0,0,0,0.000903901,0.998997822,9.83E-05,0
Shelf,477468,L3_05,54.48736,-54.7599,2019,6,21,3.21,2,0.676,0.615,0,0,0.191,0,0,0,0,0,0,30.4217,2.7181,0,0,0,0,0.000246133,0.999727106,2.68E-05,0
Basin,479401,L3_05,54.48697,-54.75944,2020,7,29,3.16,2,0.31959,0.395,0.074,0,0.027,0,0,0.028,0,0.054,0,31.2369,9.731,0.130946917,7.39E-05,0.425950999,0.181122756,0,0.24303446,0,0.018870923
Basin,479412,L3_03,53.98424,-55.25065,2020,7,29,3.27,2,0.34699,0.439,0.103,0,0,0,0.018,0.023,0,0.072,0,31.2408,5.4333,0.11187826,0,0.217075736,0.155072242,0,0,0,0.515973763
Basin,479423,L3_01,53.65605,-55.54946,2020,7,29,2.94,2,0.452,0.534,0.118,0,0.026,0,0.025,0.05,0,0.054,0,31.2932,6.7566,0.090833281,0,0.338239384,0.082169982,0,0.021403832,8.88E-05,0.467264708
Basin,479436,L3_02,53.79496,-55.4377,2020,7,29,3.28,2,0.2648,0.31,0.076,0,0,0,0.02,0,0,0.035,0,30.2473,9.733,0.106214618,0,0,0.099495333,0,0,0,0.794290048
Basin,479448,L3_04,54.21966,-55.02464,2020,7,29,3.25,2,0.18262,0.248,0.069,0,0,0,0,0,0,0.029,0,31.5983,10.7615,0.304786735,0.000899749,0.023747367,0.247175018,0,0.139146595,0,0.284244535
Basin,479461,L3_06,54.76013,-54.48776,2020,7,30,3.24,2,0.26024,0.329,0.068,0,0,0,0,0.019,0,0.039,0,31.4667,9.2097,0.177993585,0.000414465,0.438731645,0.195616241,0,0.057901921,0,0.129342143
Basin,479476,L3_07,54.9562,-54.28832,2020,7,30,3.58,2,0.35612,0.254,0,0,0,0,0,0,0,0,0,31.6627,7.8243,0,0.001904761,0.050272967,0.006354045,0,0.333742903,0,0.607725324
Shelf,479495,L3_08,55.0936,-54.11322,2020,7,30,2.77,2,0.32873,0.21,0,0,0.055,0,0,0,0,0.027,0,32.41,7.3996,0,0,0,0.156782624,0,0.843217376,0,0
Basin,479519,L3_09,55.25276,-53.9935,2020,7,30,3.24,2,0.27851,0.288,0,0,0.061,0,0,0,0,0.067,0,33.6773,8.6635,0,1.11E-05,0.000294162,0.294301334,0,0.701837379,0,0.003555979
Basin,479543,L3_10,55.42,-53.8133,2020,7,31,3.11,2,0.28307,0.326,0,0,0.036,0,0,0,0,0.086,0,33.8655,10.7915,0,0.000312347,0.008243862,0.408336743,0,0.483451026,0,0.099656022
Basin,479576,L3_11,55.6144,-53.62862,2020,7,31,2.7,2,0.32416,0.337,0,0.031,0.039,0,0,0,0,0.105,0,34.3656,11.073,0,0.000292138,0.007710497,0.476792856,0.369360525,0.052635559,0,0.093208425
Basin,479600,L3_12,55.8505,-53.4014,2020,7,31,2.93,2,0.32872,0.384,0,0.034,0.044,0,0,0,0,0.118,0,34.4136,10.8259,0,0.000299822,0.007913306,0.472471677,0.356036175,0.067618928,0,0.095660091
Basin,479633,L3_13,56.1289,-53.14899,2020,8,1,2.98,2,0.39265,0.452,0.042,0.031,0.03,0,0,0,0,0.12,0,34.493,12.0665,0.081955588,0.000475595,0.012552532,0.452218146,0.299194795,0,0,0.153603344
Basin,479657,L3_14,56.54539,-52.70482,2020,8,1,3,2,0.40178,0.399,0,0,0,0,0,0,0,0.125,0,34.4466,10.0757,0,0.000802722,0.021186508,0.628686164,0,0.093211264,0,0.256113342
Basin,479681,L3_15,56.96769,-52.2488,2020,8,1,3.15,2,0.3059,0.356,0,0,0.032,0,0,0,0,0.109,0,34.4277,11.2601,0,0.000337082,0.008896724,0.480861292,0,0.402356759,0,0.107548143
Basin,479705,L3_16,57.3964,-51.80662,2020,8,2,2.73,2,0.72081,0.747,0.076,0.065,0.041,0,0,0,0,0.271,0,34.4807,10.0134,0.078644351,0.000236495,0.006241886,0.536186086,0.303916604,0,0,0.074774578
Basin,479738,L3_17,57.80372,-51.33512,2020,8,2,2.67,2,0.44743,0.472,0.059,0,0,0,0,0,0,0.172,0,34.4948,10.7263,0.115121324,0.000550829,0.014538216,0.644965714,0,0.047778498,0,0.177045418
Basin,479762,L3_18,58.19602,-50.86538,2020,8,3,3.67,2,0.36069,0.354,0.042,0.031,0,0,0,0,0,0.139,0,34.4053,9.529,0.09047062,0.000211948,0.005594008,0.57136543,0.266192098,0,0,0.066165896
Basin,479819,L3_19,58.63916,-50.40958,2020,8,4,3.2,2,0.48396,0.549,0.045,0.055,0.029,0,0,0,0,0.23,0,34.4855,9.5927,0.059301588,0.000131157,0.003461666,0.577799484,0.318502156,0,0,0.040803949
Basin,479843,L3_20,59.03986,-49.91882,2020,8,4,3.56,2,0.2922,0.257,0,0,0.037,0,0,0,0,0.069,0,34.3722,8.8519,0,0.0001811,0.00477982,0.382478429,0,0.554779744,0,0.057780907
Basin,479867,L3_21,59.4737,-49.47801,2020,8,5,2.73,2,0.24198,0.257,0,0,0.027,0,0,0,0,0.067,0,34.4017,9.1129,0,0.000338848,0.008943328,0.410034406,0,0.472571896,0,0.108111521
Basin,479891,L3_22,59.72942,-49.14373,2020,8,5,3.28,2,0.49766,0.193,0,0,0,0,0,0,0,0.058,0,34.4158,8.1503,0,0.000832857,0.021981862,0.611668827,0,0.099788472,0,0.265727982
Basin,479915,L3_23,59.98872,-48.89834,2020,8,5,2.72,2,0.44743,0.518,0,0.053,0.11,0,0,0,0,0.164,0,34.8626,8.2487,0,0,0,0.390778445,0.337026691,0.272194864,0,0
Basin,479939,L3_24,60.18306,-48.7249,2020,8,6,2.46,2,1.08742,0.911,0.049,0.074,0.205,0,0,0.031,0.032,0.22,0,34.3203,7.3915,0.030846641,0,0.163068816,0.263049605,0.233627039,0.28483037,0.024577529,0
Shelf,479950,L3_27,60.45016,-48.35398,2020,8,6,3.07,2,1.80552,1.601,0.137,0.058,0.55,0,0,0.045,0,0,0,32.6011,3.6323,0.044196947,0,0.117152671,0,0.106738512,0.731763233,0.000148636,0
Shelf,479959,L3_28.5,60.6131,-48.18611,2020,8,6,2.49,2,0.98483,0.552,0.069,0,0.105,0,0,0.032,0,0,0,31.259,4.3591,0.079461584,0,0.313732816,0,0.000260837,0.606516403,2.84E-05,0
Shelf,479969,L3_28,60.57184,-48.2425,2020,8,6,1.84,2,1.49776,1.251,0.112,0.035,0.348,0,0,0.051,0,0,0,31.905,4.1116,0.050757179,0,0.193201412,0,0.08997707,0.665966595,9.77E-05,0
Shelf,479987,L3_26,60.3764,-48.48695,2020,8,6,3.02,2,1.35414,1.073,0.099,0,0.315,0,0,0.048,0,0,0,32.4228,3.9619,0.049072291,0,0.197493449,0,0.001226201,0.75207474,0.000133319,0
MixPhaeo,480011,L3_25,60.3084,-48.62926,2020,8,6,2.43,2,2.58518,1.966,0.099,0.08,0.668,0,0,0.057,0,0.041,0,32.967,4.9004,0.026068746,0,0.122115471,0.01968174,0.118638613,0.71337948,0.000115949,0
Shelf,492429,L3_08,55.09545,-54.13304,2022,5,10,2.28,2,0.38878,0.292,0,0,0.06,0,0,0,0,0.04,0,33.8609,0.7701,0,0.000126595,0.003341253,0.188346918,0,0.767794457,0,0.040390778
MixPhaeo,492454,L3_09,55.25484,-53.99598,2022,5,10,5.66,2,1.48073,0.714,0.127,0.042,0.113,0,0,0,0.038,0.131,0,34.3651,2.879,0.134380278,0.000193386,0.005104097,0.264037106,0.214438578,0.274601335,0.049071453,0.058173768
MixPhaeo,492486,L3_11,55.6102,-53.62956,2022,5,11,5.54,2,1.06309,0.706,0.032,0.023,0.189,0,0,0,0,0.103,0,34.2167,2.4815,0.028059506,0,0,0.171194464,0.097640928,0.703105103,0,0
MixPhaeo,492512,L3_12.5,55.9766,-53.25668,2022,5,11,3.44,2,1.42378,1.157,0.051,0.035,0.269,0,0,0,0,0.144,0,34.1994,2.4579,0.030167052,4.84E-05,0.001277032,0.162086197,0.100984398,0.690735546,0,0.014701389
HighPhaeo,492539,L3_13,56.121,-53.12719,2022,5,11,5.43,2,4.5267,3.376,0,0.039,1.175,0,0,0,0,0.163,0,34.3883,3.1588,0,0,0,0.050605654,0.032558264,0.916805446,3.06E-05,0
HighPhaeo,492571,L3_15,56.95054,-52.23348,2022,5,12,2.74,2,2.61976,2.199,0,0.112,0.546,0,0,0,0.052,0.291,0,34.4829,3.3223,0,4.64E-05,0.00122523,0.172084164,0.17546714,0.616714799,0.019651038,0.014811207
HighPhaeo,492603,L3_17,57.7822,-51.36254,2022,5,12,3.68,2,5.42013,2.661,0,0.312,0.585,0,0,0,0,0,0,34.5473,3.5632,0,0.000332771,0.00878293,0.001132367,0.540580483,0.342998908,0,0.106172543
HighPhaeo,492635,L3_19,58.63572,-50.41728,2022,5,14,2.78,2,NA,2.371,0,0.278,0.622,0,0,0,0,0,0,34.4209,3.2637,0,0.000173093,0.004568499,0.000589008,0.49006847,0.449374582,0,0.055226348
HighPhaeo,492653,L3_20.5,59.26266,-49.7186,2022,5,14,2.99,2,5.06276,2.388,0,0.344,0.751,0,0,0,0,0,0,34.2818,2.8305,0,2.93E-05,0.000773266,9.97E-05,0.546241522,0.443508578,0,0.00934764
MixPhaeo,492680,L3_21,59.48006,-49.49472,2022,5,14,3.73,2,4.28845,1.848,0,0.235,0.571,0,0,0,0,0,0,34.1853,2.5445,0,3.50E-05,0.000924661,0.000119215,0.484152356,0.503590965,0,0.011177769
HighPhaeo,492712,L3_23,59.98484,-48.89331,2022,5,15,3.19,2,4.70538,2.975,0,0.335,0.729,0,0,0,0,0,0,34.0617,2.2589,0,0.000230791,0.006091353,0.000785347,0.488137731,0.431119388,0,0.073635389
Shelf,492730,L3_28,60.56768,-48.22362,2022,5,15,3.46,2,5.95618,2.946,0,0.098,0.803,0,0,0,0,0,0,32.8372,-0.645,0,8.51E-05,0.002246389,0.000289623,0.130832613,0.83939076,0,0.027155504
Shelf,492744,L3_28.5,60.61732,-48.20022,2022,5,15,3.92,2,NA,3.551,0,0.165,0.991,0,0,0,0,0,0,32.6788,-0.3144,0,7.37E-05,0.001945847,0.000250874,0.181528159,0.792678998,0,0.023522396
Shelf,492763,L3_27,60.45118,-48.36916,2022,5,15,2.68,2,NA,4.326,0,0.091,1.042,0,0,0,0,0,0,32.8254,-0.5833,0,0.000179089,0.004726761,0.000609412,0.087516287,0.849828948,0,0.057139503
Shelf,492785,L3_26,60.3581,-48.49843,2022,5,16,4.28,2,6.5518,2.789,0,0,0.637,0,0,0,0,0,0,33.29,0.3019,0,0.000207787,0.005484194,0.000693152,0,0.927319122,0,0.066295744
HighPhaeo,492810,L3_25,60.31062,-48.63705,2022,5,16,2.62,2,NA,2.758,0,0.148,0.588,0,0,0,0,0,0,33.7399,1.7199,0,0.000306688,0.008094508,0.00104361,0.24278932,0.649915321,0,0.097850553
Basin,492842,L3_24,60.17436,-48.66698,2022,5,16,2.7,2,0.96817,0.645,0,0.045,0.079,0,0,0,0,0.096,0,34.7246,4.2471,0,0.000494606,0.013054281,0.256921807,0.327322009,0.244400474,0,0.157806823
HighPhaeo,492874,L3_22,59.7497,-49.17058,2022,5,17,6.54,2,6.90917,1.262,0,0.193,0.347,0,0,0,0,0,0,34.3028,2.8264,0,0.000155228,0.004096974,0.000528215,0.632074845,0.313618419,0,0.049526319
MixPhaeo,492906,L3_20,59.0662,-49.95188,2022,5,17,2.27,2,3.39502,1.806,0,0.215,0.386,0,0,0,0,0,0,34.4462,3.4084,0,0.000360096,0.009504126,0.001225349,0.557677575,0.316342115,0,0.114890738
MixPhaeo,492939,L3_18,58.19183,-50.87452,2022,5,18,6.47,2,2.35399,0.946,0,0,0.193,0,0,0,0,0,0,34.6534,3.754,0,0.000299719,0.007910569,0.000999824,0,0.895162891,0,0.095626998
MixPhaeo,492970,L3_16,57.3773,-51.7886,2022,5,18,2.28,2,1.13902,0.916,0,0.09,0.203,0,0,0,0,0,0,34.5493,3.9435,0,0.00030958,0.008170855,0.001053453,0.446596809,0.445095825,0,0.098773477
MixPhaeo,492997,L3_16,57.3742,-51.7957,2022,5,18,2.88,2,1.89837,0.972,0,0.132,0.245,0,0,0,0,0,0,34.5388,3.7363,0,0.000222543,0.005873648,0.000757278,0.585909888,0.336232978,0,0.071003664
HighPhaeo,493053,L3_12,55.84528,-53.39332,2022,5,19,2.26,2,3.99064,3.464,0,0.091,1.242,0,0.057,0,0.052,0.209,0,34.4388,3.3506,0,0,0,0.05534102,0.06740567,0.741440838,0.009213992,0.12659848
Shelf,493096,L3_07.5,55.02405,-54.22366,2022,5,20,3.94,2,11.18551,7,0,0,2.467,0,0,0,0,0,0,32.2513,-0.9066,0,0,0,0,0.00084612,0.999061886,9.20E-05,0
Shelf,493140,L3_06,54.74706,-54.48266,2022,5,20,2.79,2,8.51734,6.494,0,0,2.443,0,0,0,0,0,0,32.2988,-0.6194,0,0,0,0,0.001136742,0.998739666,0.000123592,0
Shelf,493162,L3_05,54.48876,-54.74946,2022,5,20,3.3,2,17.76522,12.3,0,0,4.319,0,0,0,0,0,0,32.5074,-0.4471,0,0,0,0,0.000829403,0.99908042,9.02E-05,0
Shelf,493184,L3_04,54.21884,-55.0232,2022,5,20,2.34,2,11.62416,8.677,0,0,3.041,0,0,0,0,0,0,32.0405,-0.913,0,0,0,0,0.000820664,0.99909011,8.92E-05,0
Shelf,493204,L3_03,53.97358,-55.25937,2022,5,20,2.94,2,11.62416,9.14,0,0,3.236,0,0,0,0,0,0,32.3221,-0.7191,0,0,0,0,0.000866958,0.999038782,9.43E-05,0
Shelf,493220,L3_02.3,53.86082,-55.36842,2022,5,20,2.71,2,5.24144,4.026,0,0,1.424,0,0,0,0,0,0,32.2967,-0.2077,0,0,0,0,0.000862504,0.99904372,9.38E-05,0
